epoch,accuracy
1,1.0
2,1.0
3,1.0
4,1.0
5,1.0
6,0.9978966346153846
7,0.9996995192307693
8,0.9996995192307693
9,0.9996995192307693
10,0.9996995192307693
11,0.9996995192307693
12,0.9996995192307693
13,0.9981971153846154
14,0.9990985576923077
15,0.9996995192307693
16,0.9996995192307693
17,0.9996995192307693
18,0.9996995192307693
19,1.0
20,0.9996995192307693
