epoch,loss
1,0.01577671
2,0.011200531
3,0.009678381
4,0.009094845
5,0.008063858
6,0.011884912
7,0.0074659833
8,0.00683059
9,0.006362279
10,0.006142822
11,0.006087645
12,0.0059485193
13,0.006669796
14,0.005836357
15,0.005665771
16,0.0049132532
17,0.0051937765
18,0.0043982505
19,0.004041842
20,0.004391179
