epoch,Bleu_1,Bleu_2,Bleu_3,Bleu_4,ROUGE_L,CIDEr
1,0.6102970667772655,0.38616325972580307,0.24912545677601383,0.16565485242766834,0.4781558163473126,0.44122479071624576
2,0.630060030471277,0.4070094036622414,0.2669178826027978,0.18057346516414668,0.4896511089857735,0.49368665274831075
3,0.6403945470618192,0.41874795081737487,0.2746379669061447,0.18469428521221584,0.49546832018009446,0.5309489937011785
