epoch,loss
1,41.28489002969858
2,35.200869487412085
3,33.45887822041939
