epoch,loss
1,0.0994973428785801
2,0.061631100896000865
3,0.047007529363036156
4,0.035411439304053785
